date,ticker,close
2024-08-08,AAPL,171.73
2024-08-09,AAPL,171.45
2024-08-10,AAPL,172.75
2024-08-11,AAPL,175.79
2024-08-12,AAPL,175.32
2024-08-13,AAPL,174.86
2024-08-14,AAPL,178.01
2024-08-15,AAPL,179.55
2024-08-16,AAPL,178.61
2024-08-17,AAPL,179.69
2024-08-18,AAPL,178.77
2024-08-19,AAPL,177.84
2024-08-20,AAPL,178.32
2024-08-21,AAPL,174.49
2024-08-22,AAPL,171.04
2024-08-23,AAPL,169.92
2024-08-24,AAPL,167.89
2024-08-25,AAPL,168.52
2024-08-26,AAPL,166.71
2024-08-27,AAPL,163.88
2024-08-28,AAPL,166.81
2024-08-29,AAPL,166.36
2024-08-30,AAPL,166.5
2024-08-31,AAPL,163.65
2024-09-01,AAPL,162.56
2024-09-02,AAPL,162.78
2024-09-03,AAPL,160.48
2024-09-04,AAPL,161.23
2024-09-05,AAPL,160.03
2024-09-06,AAPL,159.44
2024-09-07,AAPL,158.24
2024-09-08,AAPL,161.95
2024-09-09,AAPL,161.92
2024-09-10,AAPL,159.8
2024-09-11,AAPL,161.45
2024-09-12,AAPL,159.01
2024-09-13,AAPL,159.42
2024-09-14,AAPL,155.51
2024-09-15,AAPL,152.85
2024-09-16,AAPL,153.24
2024-09-17,AAPL,154.72
2024-09-18,AAPL,155.06
2024-09-19,AAPL,154.83
2024-09-20,AAPL,154.23
2024-09-21,AAPL,151.27
2024-09-22,AAPL,149.83
2024-09-23,AAPL,148.91
2024-09-24,AAPL,151.02
2024-09-25,AAPL,151.71
2024-09-26,AAPL,148.19
2024-09-27,AAPL,148.83
2024-09-28,AAPL,148.06
2024-09-29,AAPL,146.71
2024-09-30,AAPL,147.93
2024-10-01,AAPL,150.0
2024-10-02,AAPL,151.86
2024-10-03,AAPL,150.18
2024-10-04,AAPL,149.56
2024-10-05,AAPL,150.22
2024-10-06,AAPL,152.17
2024-10-07,AAPL,151.22
2024-10-08,AAPL,150.85
2024-10-09,AAPL,148.63
2024-10-10,AAPL,146.24
2024-10-11,AAPL,147.87
2024-10-12,AAPL,150.58
2024-10-13,AAPL,150.43
2024-10-14,AAPL,152.44
2024-10-15,AAPL,153.16
2024-10-16,AAPL,151.87
2024-10-17,AAPL,152.6
2024-10-18,AAPL,155.67
2024-10-19,AAPL,155.6
2024-10-20,AAPL,158.73
2024-10-21,AAPL,153.49
2024-10-22,AAPL,155.13
2024-10-23,AAPL,155.31
2024-10-24,AAPL,154.71
2024-10-25,AAPL,154.89
2024-10-26,AAPL,150.92
2024-10-27,AAPL,150.48
2024-10-28,AAPL,151.19
2024-10-29,AAPL,154.15
2024-10-30,AAPL,153.11
2024-10-31,AAPL,151.5
2024-11-01,AAPL,150.49
2024-11-02,AAPL,152.32
2024-11-03,AAPL,152.98
2024-11-04,AAPL,151.92
2024-11-05,AAPL,152.95
2024-11-06,AAPL,153.14
2024-11-07,AAPL,155.08
2024-11-08,AAPL,153.68
2024-11-09,AAPL,153.02
2024-11-10,AAPL,152.24
2024-11-11,AAPL,149.31
2024-11-12,AAPL,149.9
2024-11-13,AAPL,150.42
2024-11-14,AAPL,150.43
2024-11-15,AAPL,149.96
2024-11-16,AAPL,147.13
2024-11-17,AAPL,146.29
2024-11-18,AAPL,145.61
2024-11-19,AAPL,144.0
2024-11-20,AAPL,143.68
2024-11-21,AAPL,144.49
2024-11-22,AAPL,148.26
2024-11-23,AAPL,148.61
2024-11-24,AAPL,149.12
2024-11-25,AAPL,148.98
2024-11-26,AAPL,145.14
2024-11-27,AAPL,145.08
2024-11-28,AAPL,145.21
2024-11-29,AAPL,150.13
2024-11-30,AAPL,149.75
2024-12-01,AAPL,150.35
2024-12-02,AAPL,150.28
2024-12-03,AAPL,147.94
2024-12-04,AAPL,150.23
2024-12-05,AAPL,151.73
2024-12-06,AAPL,153.31
2024-12-07,AAPL,151.5
2024-12-08,AAPL,154.3
2024-12-09,AAPL,151.5
2024-12-10,AAPL,152.67
2024-12-11,AAPL,157.05
2024-12-12,AAPL,155.07
2024-12-13,AAPL,153.94
2024-12-14,AAPL,154.14
2024-12-15,AAPL,153.13
2024-12-16,AAPL,150.03
2024-12-17,AAPL,150.17
2024-12-18,AAPL,148.04
2024-12-19,AAPL,148.99
2024-12-20,AAPL,147.15
2024-12-21,AAPL,150.25
2024-12-22,AAPL,148.68
2024-12-23,AAPL,148.04
2024-12-24,AAPL,149.67
2024-12-25,AAPL,147.21
2024-12-26,AAPL,147.66
2024-12-27,AAPL,150.27
2024-12-28,AAPL,147.06
2024-12-29,AAPL,147.43
2024-12-30,AAPL,147.95
2024-12-31,AAPL,149.51
2025-01-01,AAPL,147.04
2025-01-02,AAPL,144.4
2025-01-03,AAPL,145.44
2025-01-04,AAPL,146.04
2025-01-05,AAPL,146.54
2025-01-06,AAPL,147.23
2025-01-07,AAPL,145.87
2025-01-08,AAPL,146.33
2025-01-09,AAPL,146.92
2025-01-10,AAPL,145.49
2025-01-11,AAPL,149.22
2025-01-12,AAPL,150.17
2025-01-13,AAPL,147.79
2025-01-14,AAPL,149.1
2025-01-15,AAPL,147.15
2025-01-16,AAPL,148.73
2025-01-17,AAPL,151.04
2025-01-18,AAPL,149.4
2025-01-19,AAPL,151.33
2025-01-20,AAPL,152.15
2025-01-21,AAPL,153.8
2025-01-22,AAPL,157.59
2025-01-23,AAPL,157.1
2025-01-24,AAPL,155.59
2025-01-25,AAPL,153.81
2025-01-26,AAPL,152.18
2025-01-27,AAPL,152.03
2025-01-28,AAPL,152.71
2025-01-29,AAPL,153.26
2025-01-30,AAPL,154.92
2025-01-31,AAPL,154.94
2025-02-01,AAPL,157.85
2025-02-02,AAPL,157.32
2025-02-03,AAPL,162.76
2025-02-04,AAPL,164.01
2025-02-05,AAPL,162.3
2025-02-06,AAPL,160.16
2025-02-07,AAPL,161.12
2025-02-08,AAPL,160.68
2025-02-09,AAPL,162.1
2025-02-10,AAPL,163.05
2025-02-11,AAPL,162.9
2025-02-12,AAPL,161.21
2025-02-13,AAPL,158.18
2025-02-14,AAPL,157.29
2025-02-15,AAPL,159.0
2025-02-16,AAPL,159.43
2025-02-17,AAPL,156.94
2025-02-18,AAPL,157.28
2025-02-19,AAPL,158.05
2025-02-20,AAPL,156.29
2025-02-21,AAPL,156.59
2025-02-22,AAPL,156.71
2025-02-23,AAPL,154.43
2025-02-24,AAPL,155.14
2025-02-25,AAPL,156.26
2025-02-26,AAPL,158.43
2025-02-27,AAPL,160.54
2025-02-28,AAPL,157.78
2025-03-01,AAPL,155.9
2025-03-02,AAPL,156.93
2025-03-03,AAPL,157.96
2025-03-04,AAPL,158.99
2025-03-05,AAPL,166.7
2025-03-06,AAPL,167.84
2025-03-07,AAPL,170.11
2025-03-08,AAPL,172.02
2025-03-09,AAPL,173.32
2025-03-10,AAPL,172.69
2025-03-11,AAPL,174.21
2025-03-12,AAPL,172.66
2025-03-13,AAPL,172.19
2025-03-14,AAPL,171.22
2025-03-15,AAPL,171.38
2025-03-16,AAPL,176.01
2025-03-17,AAPL,172.28
2025-03-18,AAPL,173.65
2025-03-19,AAPL,170.42
2025-03-20,AAPL,169.48
2025-03-21,AAPL,171.66
2025-03-22,AAPL,171.79
2025-03-23,AAPL,169.63
2025-03-24,AAPL,168.2
2025-03-25,AAPL,169.56
2025-03-26,AAPL,168.1
2025-03-27,AAPL,168.53
2025-03-28,AAPL,168.62
2025-03-29,AAPL,167.32
2025-03-30,AAPL,171.61
2025-03-31,AAPL,172.88
2025-04-01,AAPL,168.83
2025-04-02,AAPL,169.2
2025-04-03,AAPL,167.88
2025-04-04,AAPL,169.58
2025-04-05,AAPL,168.0
2025-04-06,AAPL,167.77
2025-04-07,AAPL,168.78
2025-04-08,AAPL,170.51
2025-04-09,AAPL,168.11
2025-04-10,AAPL,167.44
2025-04-11,AAPL,166.49
2025-04-12,AAPL,165.18
2025-04-13,AAPL,168.71
2025-04-14,AAPL,169.52
2025-04-15,AAPL,167.0
2025-04-16,AAPL,168.84
2025-04-17,AAPL,173.08
2025-04-18,AAPL,175.15
2025-04-19,AAPL,172.11
2025-04-20,AAPL,171.14
2025-04-21,AAPL,173.67
2025-04-22,AAPL,172.26
2025-04-23,AAPL,173.14
2025-04-24,AAPL,174.69
2025-04-25,AAPL,172.84
2025-04-26,AAPL,172.72
2025-04-27,AAPL,166.24
2025-04-28,AAPL,164.19
2025-04-29,AAPL,163.68
2025-04-30,AAPL,161.19
2025-05-01,AAPL,164.45
2025-05-02,AAPL,161.59
2025-05-03,AAPL,160.71
2025-05-04,AAPL,160.97
2025-05-05,AAPL,163.86
2025-05-06,AAPL,160.99
2025-05-07,AAPL,163.31
2025-05-08,AAPL,163.33
2025-05-09,AAPL,161.37
2025-05-10,AAPL,162.29
2025-05-11,AAPL,162.69
2025-05-12,AAPL,161.49
2025-05-13,AAPL,161.63
2025-05-14,AAPL,160.86
2025-05-15,AAPL,161.09
2025-05-16,AAPL,162.41
2025-05-17,AAPL,165.58
2025-05-18,AAPL,163.11
2025-05-19,AAPL,167.37
2025-05-20,AAPL,163.47
2025-05-21,AAPL,163.17
2025-05-22,AAPL,164.34
2025-05-23,AAPL,164.9
2025-05-24,AAPL,163.66
2025-05-25,AAPL,163.24
2025-05-26,AAPL,162.26
2025-05-27,AAPL,161.08
2025-05-28,AAPL,162.78
2025-05-29,AAPL,163.49
2025-05-30,AAPL,162.11
2025-05-31,AAPL,163.9
2025-06-01,AAPL,164.52
2025-06-02,AAPL,166.15
2025-06-03,AAPL,167.4
2024-08-08,GOOGL,195.45
2024-08-09,GOOGL,194.33
2024-08-10,GOOGL,195.82
2024-08-11,GOOGL,197.04
2024-08-12,GOOGL,197.0
2024-08-13,GOOGL,197.23
2024-08-14,GOOGL,199.79
2024-08-15,GOOGL,198.61
2024-08-16,GOOGL,199.7
2024-08-17,GOOGL,199.3
2024-08-18,GOOGL,198.86
2024-08-19,GOOGL,201.06
2024-08-20,GOOGL,202.71
2024-08-21,GOOGL,204.34
2024-08-22,GOOGL,206.95
2024-08-23,GOOGL,206.99
2024-08-24,GOOGL,208.35
2024-08-25,GOOGL,207.73
2024-08-26,GOOGL,208.38
2024-08-27,GOOGL,208.12
2024-08-28,GOOGL,208.32
2024-08-29,GOOGL,209.51
2024-08-30,GOOGL,207.87
2024-08-31,GOOGL,212.05
2024-09-01,GOOGL,210.04
2024-09-02,GOOGL,207.61
2024-09-03,GOOGL,209.93
2024-09-04,GOOGL,211.51
2024-09-05,GOOGL,212.76
2024-09-06,GOOGL,214.02
2024-09-07,GOOGL,213.99
2024-09-08,GOOGL,212.2
2024-09-09,GOOGL,212.35
2024-09-10,GOOGL,211.0
2024-09-11,GOOGL,212.95
2024-09-12,GOOGL,212.65
2024-09-13,GOOGL,211.0
2024-09-14,GOOGL,210.36
2024-09-15,GOOGL,211.18
2024-09-16,GOOGL,210.06
2024-09-17,GOOGL,208.41
2024-09-18,GOOGL,208.9
2024-09-19,GOOGL,209.39
2024-09-20,GOOGL,208.38
2024-09-21,GOOGL,207.43
2024-09-22,GOOGL,207.9
2024-09-23,GOOGL,205.0
2024-09-24,GOOGL,202.19
2024-09-25,GOOGL,200.75
2024-09-26,GOOGL,200.32
2024-09-27,GOOGL,200.94
2024-09-28,GOOGL,203.9
2024-09-29,GOOGL,205.61
2024-09-30,GOOGL,205.29
2024-10-01,GOOGL,205.25
2024-10-02,GOOGL,203.25
2024-10-03,GOOGL,203.21
2024-10-04,GOOGL,202.63
2024-10-05,GOOGL,203.28
2024-10-06,GOOGL,201.62
2024-10-07,GOOGL,202.66
2024-10-08,GOOGL,205.73
2024-10-09,GOOGL,205.51
2024-10-10,GOOGL,206.31
2024-10-11,GOOGL,207.7
2024-10-12,GOOGL,206.89
2024-10-13,GOOGL,207.34
2024-10-14,GOOGL,207.37
2024-10-15,GOOGL,207.56
2024-10-16,GOOGL,206.02
2024-10-17,GOOGL,206.06
2024-10-18,GOOGL,207.06
2024-10-19,GOOGL,209.96
2024-10-20,GOOGL,211.88
2024-10-21,GOOGL,216.19
2024-10-22,GOOGL,214.65
2024-10-23,GOOGL,216.4
2024-10-24,GOOGL,216.76
2024-10-25,GOOGL,221.14
2024-10-26,GOOGL,219.53
2024-10-27,GOOGL,217.85
2024-10-28,GOOGL,216.65
2024-10-29,GOOGL,212.4
2024-10-30,GOOGL,211.35
2024-10-31,GOOGL,209.83
2024-11-01,GOOGL,210.13
2024-11-02,GOOGL,210.82
2024-11-03,GOOGL,214.57
2024-11-04,GOOGL,216.47
2024-11-05,GOOGL,215.32
2024-11-06,GOOGL,213.52
2024-11-07,GOOGL,214.5
2024-11-08,GOOGL,211.86
2024-11-09,GOOGL,215.52
2024-11-10,GOOGL,217.88
2024-11-11,GOOGL,216.95
2024-11-12,GOOGL,213.52
2024-11-13,GOOGL,216.23
2024-11-14,GOOGL,216.0
2024-11-15,GOOGL,218.47
2024-11-16,GOOGL,215.28
2024-11-17,GOOGL,214.09
2024-11-18,GOOGL,214.1
2024-11-19,GOOGL,214.19
2024-11-20,GOOGL,213.29
2024-11-21,GOOGL,214.54
2024-11-22,GOOGL,212.4
2024-11-23,GOOGL,212.12
2024-11-24,GOOGL,212.36
2024-11-25,GOOGL,213.38
2024-11-26,GOOGL,214.81
2024-11-27,GOOGL,212.56
2024-11-28,GOOGL,209.49
2024-11-29,GOOGL,212.05
2024-11-30,GOOGL,212.71
2024-12-01,GOOGL,211.21
2024-12-02,GOOGL,214.32
2024-12-03,GOOGL,214.55
2024-12-04,GOOGL,216.91
2024-12-05,GOOGL,217.04
2024-12-06,GOOGL,221.16
2024-12-07,GOOGL,224.67
2024-12-08,GOOGL,224.18
2024-12-09,GOOGL,226.12
2024-12-10,GOOGL,227.41
2024-12-11,GOOGL,230.15
2024-12-12,GOOGL,228.22
2024-12-13,GOOGL,229.59
2024-12-14,GOOGL,231.71
2024-12-15,GOOGL,228.19
2024-12-16,GOOGL,225.82
2024-12-17,GOOGL,221.74
2024-12-18,GOOGL,221.2
2024-12-19,GOOGL,222.64
2024-12-20,GOOGL,225.64
2024-12-21,GOOGL,225.79
2024-12-22,GOOGL,229.05
2024-12-23,GOOGL,226.29
2024-12-24,GOOGL,222.88
2024-12-25,GOOGL,222.77
2024-12-26,GOOGL,223.54
2024-12-27,GOOGL,223.47
2024-12-28,GOOGL,219.34
2024-12-29,GOOGL,219.16
2024-12-30,GOOGL,216.55
2024-12-31,GOOGL,217.89
2025-01-01,GOOGL,218.62
2025-01-02,GOOGL,216.74
2025-01-03,GOOGL,215.72
2025-01-04,GOOGL,213.6
2025-01-05,GOOGL,213.47
2025-01-06,GOOGL,215.38
2025-01-07,GOOGL,213.41
2025-01-08,GOOGL,214.42
2025-01-09,GOOGL,213.36
2025-01-10,GOOGL,211.77
2025-01-11,GOOGL,211.56
2025-01-12,GOOGL,209.49
2025-01-13,GOOGL,208.38
2025-01-14,GOOGL,205.99
2025-01-15,GOOGL,209.92
2025-01-16,GOOGL,209.99
2025-01-17,GOOGL,208.59
2025-01-18,GOOGL,209.01
2025-01-19,GOOGL,208.79
2025-01-20,GOOGL,208.35
2025-01-21,GOOGL,209.58
2025-01-22,GOOGL,211.09
2025-01-23,GOOGL,210.03
2025-01-24,GOOGL,208.88
2025-01-25,GOOGL,208.33
2025-01-26,GOOGL,203.72
2025-01-27,GOOGL,200.69
2025-01-28,GOOGL,203.43
2025-01-29,GOOGL,206.72
2025-01-30,GOOGL,206.22
2025-01-31,GOOGL,207.37
2025-02-01,GOOGL,208.0
2025-02-02,GOOGL,214.15
2025-02-03,GOOGL,216.39
2025-02-04,GOOGL,216.14
2025-02-05,GOOGL,214.23
2025-02-06,GOOGL,211.01
2025-02-07,GOOGL,211.42
2025-02-08,GOOGL,209.91
2025-02-09,GOOGL,207.06
2025-02-10,GOOGL,205.77
2025-02-11,GOOGL,203.61
2025-02-12,GOOGL,206.98
2025-02-13,GOOGL,208.74
2025-02-14,GOOGL,208.73
2025-02-15,GOOGL,211.69
2025-02-16,GOOGL,211.84
2025-02-17,GOOGL,210.12
2025-02-18,GOOGL,213.17
2025-02-19,GOOGL,214.24
2025-02-20,GOOGL,212.17
2025-02-21,GOOGL,211.79
2025-02-22,GOOGL,210.04
2025-02-23,GOOGL,207.27
2025-02-24,GOOGL,209.12
2025-02-25,GOOGL,212.94
2025-02-26,GOOGL,210.15
2025-02-27,GOOGL,211.27
2025-02-28,GOOGL,209.97
2025-03-01,GOOGL,209.0
2025-03-02,GOOGL,207.81
2025-03-03,GOOGL,206.08
2025-03-04,GOOGL,206.18
2025-03-05,GOOGL,204.52
2025-03-06,GOOGL,205.06
2025-03-07,GOOGL,204.96
2025-03-08,GOOGL,204.48
2025-03-09,GOOGL,202.67
2025-03-10,GOOGL,201.51
2025-03-11,GOOGL,203.02
2025-03-12,GOOGL,204.03
2025-03-13,GOOGL,202.07
2025-03-14,GOOGL,202.27
2025-03-15,GOOGL,203.77
2025-03-16,GOOGL,200.43
2025-03-17,GOOGL,201.52
2025-03-18,GOOGL,200.19
2025-03-19,GOOGL,201.34
2025-03-20,GOOGL,199.81
2025-03-21,GOOGL,196.2
2025-03-22,GOOGL,192.94
2025-03-23,GOOGL,193.04
2025-03-24,GOOGL,193.56
2025-03-25,GOOGL,191.75
2025-03-26,GOOGL,193.03
2025-03-27,GOOGL,189.71
2025-03-28,GOOGL,189.57
2025-03-29,GOOGL,187.15
2025-03-30,GOOGL,185.85
2025-03-31,GOOGL,185.94
2025-04-01,GOOGL,184.22
2025-04-02,GOOGL,183.45
2025-04-03,GOOGL,185.46
2025-04-04,GOOGL,184.31
2025-04-05,GOOGL,185.98
2025-04-06,GOOGL,183.72
2025-04-07,GOOGL,184.78
2025-04-08,GOOGL,187.67
2025-04-09,GOOGL,182.72
2025-04-10,GOOGL,181.13
2025-04-11,GOOGL,182.28
2025-04-12,GOOGL,181.88
2025-04-13,GOOGL,182.62
2025-04-14,GOOGL,181.41
2025-04-15,GOOGL,181.58
2025-04-16,GOOGL,181.27
2025-04-17,GOOGL,183.61
2025-04-18,GOOGL,184.12
2025-04-19,GOOGL,184.79
2025-04-20,GOOGL,183.97
2025-04-21,GOOGL,182.99
2025-04-22,GOOGL,182.13
2025-04-23,GOOGL,182.92
2025-04-24,GOOGL,182.08
2025-04-25,GOOGL,182.66
2025-04-26,GOOGL,186.81
2025-04-27,GOOGL,188.55
2025-04-28,GOOGL,187.9
2025-04-29,GOOGL,190.3
2025-04-30,GOOGL,189.48
2025-05-01,GOOGL,185.41
2025-05-02,GOOGL,183.39
2025-05-03,GOOGL,179.65
2025-05-04,GOOGL,178.95
2025-05-05,GOOGL,178.98
2025-05-06,GOOGL,182.34
2025-05-07,GOOGL,182.99
2025-05-08,GOOGL,182.55
2025-05-09,GOOGL,184.21
2025-05-10,GOOGL,179.79
2025-05-11,GOOGL,180.26
2025-05-12,GOOGL,181.8
2025-05-13,GOOGL,178.84
2025-05-14,GOOGL,181.13
2025-05-15,GOOGL,181.81
2025-05-16,GOOGL,180.98
2025-05-17,GOOGL,182.24
2025-05-18,GOOGL,186.78
2025-05-19,GOOGL,187.15
2025-05-20,GOOGL,187.64
2025-05-21,GOOGL,186.73
2025-05-22,GOOGL,185.03
2025-05-23,GOOGL,186.69
2025-05-24,GOOGL,184.97
2025-05-25,GOOGL,185.12
2025-05-26,GOOGL,184.16
2025-05-27,GOOGL,185.12
2025-05-28,GOOGL,185.79
2025-05-29,GOOGL,187.86
2025-05-30,GOOGL,186.84
2025-05-31,GOOGL,186.3
2025-06-01,GOOGL,184.35
2025-06-02,GOOGL,183.46
2025-06-03,GOOGL,184.21
2024-08-08,MSFT,139.05
2024-08-09,MSFT,137.21
2024-08-10,MSFT,138.95
2024-08-11,MSFT,141.66
2024-08-12,MSFT,142.48
2024-08-13,MSFT,146.24
2024-08-14,MSFT,144.69
2024-08-15,MSFT,142.2
2024-08-16,MSFT,138.64
2024-08-17,MSFT,141.64
2024-08-18,MSFT,142.94
2024-08-19,MSFT,142.83
2024-08-20,MSFT,143.39
2024-08-21,MSFT,141.14
2024-08-22,MSFT,146.03
2024-08-23,MSFT,146.29
2024-08-24,MSFT,146.51
2024-08-25,MSFT,147.96
2024-08-26,MSFT,148.92
2024-08-27,MSFT,149.37
2024-08-28,MSFT,147.79
2024-08-29,MSFT,148.73
2024-08-30,MSFT,152.5
2024-08-31,MSFT,155.19
2024-09-01,MSFT,158.38
2024-09-02,MSFT,157.35
2024-09-03,MSFT,155.37
2024-09-04,MSFT,155.12
2024-09-05,MSFT,155.23
2024-09-06,MSFT,157.42
2024-09-07,MSFT,154.04
2024-09-08,MSFT,157.1
2024-09-09,MSFT,156.78
2024-09-10,MSFT,155.93
2024-09-11,MSFT,153.9
2024-09-12,MSFT,150.59
2024-09-13,MSFT,152.24
2024-09-14,MSFT,152.39
2024-09-15,MSFT,149.81
2024-09-16,MSFT,147.22
2024-09-17,MSFT,146.54
2024-09-18,MSFT,149.88
2024-09-19,MSFT,149.36
2024-09-20,MSFT,146.36
2024-09-21,MSFT,145.87
2024-09-22,MSFT,145.32
2024-09-23,MSFT,139.93
2024-09-24,MSFT,139.82
2024-09-25,MSFT,139.36
2024-09-26,MSFT,140.75
2024-09-27,MSFT,144.45
2024-09-28,MSFT,146.7
2024-09-29,MSFT,146.16
2024-09-30,MSFT,143.95
2024-10-01,MSFT,149.09
2024-10-02,MSFT,149.21
2024-10-03,MSFT,149.24
2024-10-04,MSFT,149.19
2024-10-05,MSFT,149.59
2024-10-06,MSFT,149.3
2024-10-07,MSFT,148.15
2024-10-08,MSFT,147.06
2024-10-09,MSFT,146.99
2024-10-10,MSFT,145.91
2024-10-11,MSFT,144.48
2024-10-12,MSFT,144.69
2024-10-13,MSFT,144.18
2024-10-14,MSFT,147.19
2024-10-15,MSFT,141.89
2024-10-16,MSFT,144.07
2024-10-17,MSFT,146.57
2024-10-18,MSFT,142.42
2024-10-19,MSFT,141.73
2024-10-20,MSFT,140.99
2024-10-21,MSFT,138.18
2024-10-22,MSFT,136.62
2024-10-23,MSFT,134.4
2024-10-24,MSFT,137.9
2024-10-25,MSFT,139.77
2024-10-26,MSFT,142.32
2024-10-27,MSFT,143.76
2024-10-28,MSFT,141.5
2024-10-29,MSFT,140.45
2024-10-30,MSFT,141.43
2024-10-31,MSFT,138.99
2024-11-01,MSFT,140.41
2024-11-02,MSFT,139.93
2024-11-03,MSFT,139.18
2024-11-04,MSFT,140.61
2024-11-05,MSFT,141.49
2024-11-06,MSFT,140.77
2024-11-07,MSFT,143.09
2024-11-08,MSFT,140.93
2024-11-09,MSFT,142.16
2024-11-10,MSFT,143.35
2024-11-11,MSFT,142.73
2024-11-12,MSFT,143.38
2024-11-13,MSFT,140.88
2024-11-14,MSFT,142.73
2024-11-15,MSFT,142.36
2024-11-16,MSFT,141.31
2024-11-17,MSFT,143.41
2024-11-18,MSFT,142.0
2024-11-19,MSFT,139.18
2024-11-20,MSFT,136.07
2024-11-21,MSFT,137.28
2024-11-22,MSFT,134.72
2024-11-23,MSFT,138.23
2024-11-24,MSFT,134.07
2024-11-25,MSFT,137.46
2024-11-26,MSFT,137.88
2024-11-27,MSFT,137.69
2024-11-28,MSFT,136.6
2024-11-29,MSFT,137.4
2024-11-30,MSFT,137.32
2024-12-01,MSFT,139.53
2024-12-02,MSFT,139.76
2024-12-03,MSFT,140.06
2024-12-04,MSFT,139.33
2024-12-05,MSFT,139.22
2024-12-06,MSFT,139.83
2024-12-07,MSFT,136.41
2024-12-08,MSFT,133.71
2024-12-09,MSFT,135.2
2024-12-10,MSFT,135.54
2024-12-11,MSFT,135.18
2024-12-12,MSFT,135.21
2024-12-13,MSFT,135.91
2024-12-14,MSFT,134.83
2024-12-15,MSFT,133.27
2024-12-16,MSFT,133.66
2024-12-17,MSFT,131.71
2024-12-18,MSFT,132.52
2024-12-19,MSFT,129.12
2024-12-20,MSFT,131.18
2024-12-21,MSFT,132.12
2024-12-22,MSFT,132.63
2024-12-23,MSFT,134.6
2024-12-24,MSFT,137.93
2024-12-25,MSFT,139.96
2024-12-26,MSFT,136.28
2024-12-27,MSFT,133.72
2024-12-28,MSFT,132.47
2024-12-29,MSFT,132.52
2024-12-30,MSFT,133.55
2024-12-31,MSFT,132.1
2025-01-01,MSFT,132.48
2025-01-02,MSFT,130.97
2025-01-03,MSFT,129.74
2025-01-04,MSFT,126.93
2025-01-05,MSFT,125.08
2025-01-06,MSFT,122.38
2025-01-07,MSFT,120.43
2025-01-08,MSFT,122.54
2025-01-09,MSFT,120.64
2025-01-10,MSFT,125.9
2025-01-11,MSFT,126.89
2025-01-12,MSFT,127.26
2025-01-13,MSFT,125.54
2025-01-14,MSFT,126.94
2025-01-15,MSFT,125.79
2025-01-16,MSFT,126.03
2025-01-17,MSFT,131.15
2025-01-18,MSFT,130.96
2025-01-19,MSFT,133.26
2025-01-20,MSFT,131.85
2025-01-21,MSFT,131.78
2025-01-22,MSFT,135.33
2025-01-23,MSFT,134.07
2025-01-24,MSFT,137.7
2025-01-25,MSFT,139.11
2025-01-26,MSFT,137.99
2025-01-27,MSFT,139.25
2025-01-28,MSFT,141.2
2025-01-29,MSFT,142.44
2025-01-30,MSFT,139.3
2025-01-31,MSFT,137.85
2025-02-01,MSFT,137.35
2025-02-02,MSFT,137.2
2025-02-03,MSFT,138.44
2025-02-04,MSFT,138.8
2025-02-05,MSFT,136.13
2025-02-06,MSFT,136.89
2025-02-07,MSFT,138.11
2025-02-08,MSFT,139.23
2025-02-09,MSFT,141.39
2025-02-10,MSFT,143.06
2025-02-11,MSFT,143.98
2025-02-12,MSFT,143.84
2025-02-13,MSFT,140.52
2025-02-14,MSFT,141.37
2025-02-15,MSFT,141.79
2025-02-16,MSFT,142.33
2025-02-17,MSFT,139.78
2025-02-18,MSFT,137.62
2025-02-19,MSFT,139.72
2025-02-20,MSFT,139.64
2025-02-21,MSFT,141.01
2025-02-22,MSFT,141.06
2025-02-23,MSFT,141.12
2025-02-24,MSFT,143.0
2025-02-25,MSFT,141.97
2025-02-26,MSFT,142.16
2025-02-27,MSFT,141.24
2025-02-28,MSFT,140.37
2025-03-01,MSFT,139.75
2025-03-02,MSFT,140.19
2025-03-03,MSFT,139.24
2025-03-04,MSFT,141.75
2025-03-05,MSFT,139.96
2025-03-06,MSFT,139.58
2025-03-07,MSFT,138.7
2025-03-08,MSFT,141.6
2025-03-09,MSFT,141.99
2025-03-10,MSFT,144.06
2025-03-11,MSFT,141.08
2025-03-12,MSFT,141.62
2025-03-13,MSFT,143.4
2025-03-14,MSFT,143.56
2025-03-15,MSFT,145.69
2025-03-16,MSFT,144.66
2025-03-17,MSFT,147.48
2025-03-18,MSFT,152.08
2025-03-19,MSFT,151.35
2025-03-20,MSFT,150.46
2025-03-21,MSFT,153.37
2025-03-22,MSFT,156.52
2025-03-23,MSFT,155.48
2025-03-24,MSFT,154.64
2025-03-25,MSFT,154.07
2025-03-26,MSFT,151.39
2025-03-27,MSFT,149.55
2025-03-28,MSFT,147.54
2025-03-29,MSFT,146.0
2025-03-30,MSFT,145.94
2025-03-31,MSFT,146.4
2025-04-01,MSFT,149.5
2025-04-02,MSFT,147.51
2025-04-03,MSFT,149.48
2025-04-04,MSFT,149.05
2025-04-05,MSFT,148.95
2025-04-06,MSFT,150.3
2025-04-07,MSFT,148.05
2025-04-08,MSFT,148.82
2025-04-09,MSFT,149.15
2025-04-10,MSFT,150.14
2025-04-11,MSFT,150.71
2025-04-12,MSFT,155.63
2025-04-13,MSFT,154.35
2025-04-14,MSFT,153.29
2025-04-15,MSFT,152.04
2025-04-16,MSFT,150.93
2025-04-17,MSFT,149.66
2025-04-18,MSFT,152.03
2025-04-19,MSFT,154.88
2025-04-20,MSFT,153.73
2025-04-21,MSFT,152.07
2025-04-22,MSFT,153.01
2025-04-23,MSFT,151.91
2025-04-24,MSFT,153.17
2025-04-25,MSFT,153.58
2025-04-26,MSFT,150.55
2025-04-27,MSFT,153.64
2025-04-28,MSFT,157.23
2025-04-29,MSFT,156.01
2025-04-30,MSFT,155.23
2025-05-01,MSFT,155.8
2025-05-02,MSFT,156.47
2025-05-03,MSFT,157.79
2025-05-04,MSFT,161.81
2025-05-05,MSFT,161.46
2025-05-06,MSFT,159.86
2025-05-07,MSFT,157.1
2025-05-08,MSFT,155.64
2025-05-09,MSFT,155.57
2025-05-10,MSFT,159.16
2025-05-11,MSFT,158.13
2025-05-12,MSFT,158.58
2025-05-13,MSFT,158.54
2025-05-14,MSFT,160.92
2025-05-15,MSFT,165.97
2025-05-16,MSFT,164.91
2025-05-17,MSFT,163.93
2025-05-18,MSFT,166.02
2025-05-19,MSFT,167.38
2025-05-20,MSFT,171.08
2025-05-21,MSFT,172.25
2025-05-22,MSFT,171.53
2025-05-23,MSFT,172.71
2025-05-24,MSFT,174.93
2025-05-25,MSFT,176.57
2025-05-26,MSFT,177.58
2025-05-27,MSFT,179.72
2025-05-28,MSFT,182.05
2025-05-29,MSFT,184.82
2025-05-30,MSFT,186.12
2025-05-31,MSFT,185.78
2025-06-01,MSFT,186.07
2025-06-02,MSFT,188.49
2025-06-03,MSFT,186.85
2024-08-08,TSLA,241.77
2024-08-09,TSLA,240.98
2024-08-10,TSLA,241.04
2024-08-11,TSLA,243.6
2024-08-12,TSLA,243.98
2024-08-13,TSLA,244.07
2024-08-14,TSLA,241.35
2024-08-15,TSLA,242.84
2024-08-16,TSLA,244.13
2024-08-17,TSLA,248.46
2024-08-18,TSLA,247.85
2024-08-19,TSLA,248.28
2024-08-20,TSLA,248.78
2024-08-21,TSLA,251.94
2024-08-22,TSLA,251.75
2024-08-23,TSLA,252.31
2024-08-24,TSLA,253.52
2024-08-25,TSLA,253.89
2024-08-26,TSLA,253.0
2024-08-27,TSLA,253.39
2024-08-28,TSLA,255.54
2024-08-29,TSLA,253.48
2024-08-30,TSLA,253.75
2024-08-31,TSLA,252.35
2024-09-01,TSLA,254.74
2024-09-02,TSLA,251.69
2024-09-03,TSLA,250.58
2024-09-04,TSLA,251.33
2024-09-05,TSLA,254.46
2024-09-06,TSLA,254.33
2024-09-07,TSLA,253.22
2024-09-08,TSLA,256.98
2024-09-09,TSLA,254.09
2024-09-10,TSLA,249.69
2024-09-11,TSLA,250.57
2024-09-12,TSLA,249.56
2024-09-13,TSLA,247.52
2024-09-14,TSLA,248.94
2024-09-15,TSLA,249.43
2024-09-16,TSLA,248.3
2024-09-17,TSLA,245.74
2024-09-18,TSLA,247.48
2024-09-19,TSLA,248.78
2024-09-20,TSLA,248.58
2024-09-21,TSLA,252.28
2024-09-22,TSLA,250.14
2024-09-23,TSLA,247.09
2024-09-24,TSLA,245.7
2024-09-25,TSLA,245.61
2024-09-26,TSLA,246.1
2024-09-27,TSLA,245.61
2024-09-28,TSLA,246.32
2024-09-29,TSLA,243.82
2024-09-30,TSLA,246.7
2024-10-01,TSLA,246.54
2024-10-02,TSLA,248.77
2024-10-03,TSLA,249.46
2024-10-04,TSLA,250.37
2024-10-05,TSLA,251.51
2024-10-06,TSLA,252.41
2024-10-07,TSLA,253.69
2024-10-08,TSLA,256.35
2024-10-09,TSLA,256.74
2024-10-10,TSLA,258.16
2024-10-11,TSLA,257.98
2024-10-12,TSLA,260.86
2024-10-13,TSLA,259.51
2024-10-14,TSLA,263.11
2024-10-15,TSLA,263.03
2024-10-16,TSLA,260.17
2024-10-17,TSLA,260.43
2024-10-18,TSLA,259.06
2024-10-19,TSLA,260.75
2024-10-20,TSLA,259.44
2024-10-21,TSLA,258.55
2024-10-22,TSLA,254.77
2024-10-23,TSLA,253.86
2024-10-24,TSLA,249.02
2024-10-25,TSLA,245.85
2024-10-26,TSLA,247.37
2024-10-27,TSLA,248.94
2024-10-28,TSLA,249.79
2024-10-29,TSLA,247.86
2024-10-30,TSLA,247.76
2024-10-31,TSLA,247.76
2024-11-01,TSLA,245.44
2024-11-02,TSLA,248.45
2024-11-03,TSLA,250.2
2024-11-04,TSLA,249.76
2024-11-05,TSLA,249.81
2024-11-06,TSLA,250.23
2024-11-07,TSLA,246.15
2024-11-08,TSLA,245.65
2024-11-09,TSLA,244.29
2024-11-10,TSLA,242.28
2024-11-11,TSLA,241.72
2024-11-12,TSLA,245.32
2024-11-13,TSLA,246.6
2024-11-14,TSLA,245.46
2024-11-15,TSLA,246.6
2024-11-16,TSLA,249.4
2024-11-17,TSLA,251.25
2024-11-18,TSLA,251.37
2024-11-19,TSLA,250.08
2024-11-20,TSLA,251.47
2024-11-21,TSLA,252.26
2024-11-22,TSLA,254.05
2024-11-23,TSLA,255.32
2024-11-24,TSLA,257.42
2024-11-25,TSLA,256.35
2024-11-26,TSLA,258.98
2024-11-27,TSLA,259.38
2024-11-28,TSLA,263.53
2024-11-29,TSLA,262.15
2024-11-30,TSLA,265.62
2024-12-01,TSLA,266.02
2024-12-02,TSLA,264.72
2024-12-03,TSLA,263.75
2024-12-04,TSLA,263.11
2024-12-05,TSLA,263.95
2024-12-06,TSLA,265.0
2024-12-07,TSLA,263.85
2024-12-08,TSLA,263.8
2024-12-09,TSLA,268.09
2024-12-10,TSLA,271.54
2024-12-11,TSLA,272.42
2024-12-12,TSLA,272.49
2024-12-13,TSLA,272.73
2024-12-14,TSLA,273.96
2024-12-15,TSLA,271.91
2024-12-16,TSLA,271.4
2024-12-17,TSLA,268.06
2024-12-18,TSLA,268.86
2024-12-19,TSLA,270.16
2024-12-20,TSLA,269.19
2024-12-21,TSLA,272.34
2024-12-22,TSLA,269.89
2024-12-23,TSLA,266.96
2024-12-24,TSLA,267.41
2024-12-25,TSLA,269.5
2024-12-26,TSLA,272.87
2024-12-27,TSLA,271.95
2024-12-28,TSLA,274.11
2024-12-29,TSLA,274.03
2024-12-30,TSLA,273.68
2024-12-31,TSLA,275.45
2025-01-01,TSLA,276.76
2025-01-02,TSLA,273.6
2025-01-03,TSLA,276.56
2025-01-04,TSLA,279.32
2025-01-05,TSLA,278.07
2025-01-06,TSLA,278.86
2025-01-07,TSLA,279.85
2025-01-08,TSLA,280.37
2025-01-09,TSLA,279.27
2025-01-10,TSLA,277.92
2025-01-11,TSLA,277.87
2025-01-12,TSLA,280.22
2025-01-13,TSLA,281.3
2025-01-14,TSLA,280.56
2025-01-15,TSLA,282.11
2025-01-16,TSLA,276.41
2025-01-17,TSLA,278.71
2025-01-18,TSLA,275.23
2025-01-19,TSLA,274.5
2025-01-20,TSLA,272.26
2025-01-21,TSLA,269.67
2025-01-22,TSLA,272.0
2025-01-23,TSLA,271.06
2025-01-24,TSLA,271.75
2025-01-25,TSLA,271.66
2025-01-26,TSLA,272.61
2025-01-27,TSLA,272.77
2025-01-28,TSLA,270.2
2025-01-29,TSLA,272.19
2025-01-30,TSLA,271.21
2025-01-31,TSLA,268.09
2025-02-01,TSLA,267.24
2025-02-02,TSLA,270.24
2025-02-03,TSLA,271.94
2025-02-04,TSLA,271.24
2025-02-05,TSLA,270.54
2025-02-06,TSLA,269.9
2025-02-07,TSLA,274.05
2025-02-08,TSLA,274.82
2025-02-09,TSLA,275.68
2025-02-10,TSLA,277.74
2025-02-11,TSLA,278.22
2025-02-12,TSLA,277.7
2025-02-13,TSLA,277.3
2025-02-14,TSLA,277.16
2025-02-15,TSLA,277.09
2025-02-16,TSLA,278.54
2025-02-17,TSLA,278.65
2025-02-18,TSLA,280.11
2025-02-19,TSLA,279.95
2025-02-20,TSLA,280.11
2025-02-21,TSLA,276.11
2025-02-22,TSLA,277.94
2025-02-23,TSLA,278.64
2025-02-24,TSLA,280.63
2025-02-25,TSLA,274.84
2025-02-26,TSLA,279.02
2025-02-27,TSLA,278.74
2025-02-28,TSLA,280.95
2025-03-01,TSLA,278.87
2025-03-02,TSLA,280.1
2025-03-03,TSLA,277.99
2025-03-04,TSLA,276.75
2025-03-05,TSLA,280.57
2025-03-06,TSLA,280.19
2025-03-07,TSLA,280.63
2025-03-08,TSLA,282.37
2025-03-09,TSLA,283.36
2025-03-10,TSLA,283.66
2025-03-11,TSLA,284.39
2025-03-12,TSLA,289.2
2025-03-13,TSLA,289.08
2025-03-14,TSLA,289.48
2025-03-15,TSLA,291.58
2025-03-16,TSLA,293.8
2025-03-17,TSLA,296.17
2025-03-18,TSLA,297.45
2025-03-19,TSLA,295.16
2025-03-20,TSLA,298.43
2025-03-21,TSLA,296.14
2025-03-22,TSLA,296.74
2025-03-23,TSLA,295.23
2025-03-24,TSLA,295.1
2025-03-25,TSLA,295.76
2025-03-26,TSLA,296.4
2025-03-27,TSLA,297.25
2025-03-28,TSLA,300.48
2025-03-29,TSLA,301.38
2025-03-30,TSLA,300.89
2025-03-31,TSLA,302.82
2025-04-01,TSLA,305.2
2025-04-02,TSLA,302.75
2025-04-03,TSLA,303.94
2025-04-04,TSLA,305.34
2025-04-05,TSLA,304.75
2025-04-06,TSLA,307.5
2025-04-07,TSLA,307.2
2025-04-08,TSLA,307.45
2025-04-09,TSLA,307.1
2025-04-10,TSLA,307.14
2025-04-11,TSLA,304.94
2025-04-12,TSLA,302.06
2025-04-13,TSLA,305.25
2025-04-14,TSLA,303.56
2025-04-15,TSLA,301.57
2025-04-16,TSLA,297.27
2025-04-17,TSLA,295.99
2025-04-18,TSLA,293.34
2025-04-19,TSLA,296.63
2025-04-20,TSLA,298.65
2025-04-21,TSLA,297.27
2025-04-22,TSLA,301.78
2025-04-23,TSLA,303.74
2025-04-24,TSLA,303.09
2025-04-25,TSLA,298.09
2025-04-26,TSLA,302.67
2025-04-27,TSLA,299.89
2025-04-28,TSLA,296.6
2025-04-29,TSLA,298.65
2025-04-30,TSLA,303.53
2025-05-01,TSLA,306.3
2025-05-02,TSLA,307.42
2025-05-03,TSLA,308.61
2025-05-04,TSLA,310.32
2025-05-05,TSLA,311.84
2025-05-06,TSLA,312.4
2025-05-07,TSLA,312.61
2025-05-08,TSLA,312.48
2025-05-09,TSLA,310.98
2025-05-10,TSLA,310.41
2025-05-11,TSLA,307.03
2025-05-12,TSLA,306.83
2025-05-13,TSLA,304.86
2025-05-14,TSLA,302.65
2025-05-15,TSLA,303.01
2025-05-16,TSLA,305.79
2025-05-17,TSLA,307.63
2025-05-18,TSLA,304.49
2025-05-19,TSLA,302.51
2025-05-20,TSLA,304.39
2025-05-21,TSLA,302.42
2025-05-22,TSLA,301.98
2025-05-23,TSLA,303.08
2025-05-24,TSLA,301.14
2025-05-25,TSLA,301.35
2025-05-26,TSLA,298.68
2025-05-27,TSLA,297.48
2025-05-28,TSLA,298.12
2025-05-29,TSLA,294.93
2025-05-30,TSLA,295.81
2025-05-31,TSLA,295.77
2025-06-01,TSLA,296.88
2025-06-02,TSLA,297.33
2025-06-03,TSLA,300.06
2024-08-08,AMZN,168.13
2024-08-09,AMZN,167.27
2024-08-10,AMZN,167.51
2024-08-11,AMZN,168.6
2024-08-12,AMZN,168.7
2024-08-13,AMZN,168.78
2024-08-14,AMZN,167.38
2024-08-15,AMZN,166.05
2024-08-16,AMZN,163.24
2024-08-17,AMZN,166.74
2024-08-18,AMZN,164.26
2024-08-19,AMZN,162.87
2024-08-20,AMZN,161.43
2024-08-21,AMZN,163.22
2024-08-22,AMZN,162.63
2024-08-23,AMZN,165.13
2024-08-24,AMZN,163.78
2024-08-25,AMZN,164.34
2024-08-26,AMZN,162.67
2024-08-27,AMZN,166.96
2024-08-28,AMZN,164.58
2024-08-29,AMZN,165.2
2024-08-30,AMZN,166.47
2024-08-31,AMZN,167.3
2024-09-01,AMZN,166.93
2024-09-02,AMZN,166.67
2024-09-03,AMZN,166.76
2024-09-04,AMZN,166.46
2024-09-05,AMZN,168.39
2024-09-06,AMZN,172.81
2024-09-07,AMZN,171.7
2024-09-08,AMZN,168.96
2024-09-09,AMZN,168.78
2024-09-10,AMZN,173.94
2024-09-11,AMZN,172.33
2024-09-12,AMZN,175.61
2024-09-13,AMZN,178.97
2024-09-14,AMZN,177.86
2024-09-15,AMZN,179.0
2024-09-16,AMZN,182.25
2024-09-17,AMZN,181.5
2024-09-18,AMZN,181.09
2024-09-19,AMZN,179.92
2024-09-20,AMZN,177.9
2024-09-21,AMZN,176.6
2024-09-22,AMZN,174.15
2024-09-23,AMZN,174.22
2024-09-24,AMZN,172.68
2024-09-25,AMZN,173.14
2024-09-26,AMZN,170.03
2024-09-27,AMZN,170.69
2024-09-28,AMZN,172.36
2024-09-29,AMZN,168.37
2024-09-30,AMZN,169.12
2024-10-01,AMZN,171.58
2024-10-02,AMZN,169.16
2024-10-03,AMZN,172.5
2024-10-04,AMZN,173.34
2024-10-05,AMZN,171.93
2024-10-06,AMZN,171.82
2024-10-07,AMZN,172.94
2024-10-08,AMZN,173.09
2024-10-09,AMZN,174.17
2024-10-10,AMZN,172.32
2024-10-11,AMZN,172.66
2024-10-12,AMZN,169.84
2024-10-13,AMZN,169.61
2024-10-14,AMZN,167.81
2024-10-15,AMZN,166.33
2024-10-16,AMZN,168.81
2024-10-17,AMZN,170.99
2024-10-18,AMZN,172.21
2024-10-19,AMZN,170.02
2024-10-20,AMZN,169.39
2024-10-21,AMZN,171.82
2024-10-22,AMZN,172.1
2024-10-23,AMZN,176.74
2024-10-24,AMZN,177.53
2024-10-25,AMZN,177.91
2024-10-26,AMZN,177.29
2024-10-27,AMZN,177.56
2024-10-28,AMZN,177.25
2024-10-29,AMZN,178.67
2024-10-30,AMZN,180.58
2024-10-31,AMZN,179.01
2024-11-01,AMZN,176.35
2024-11-02,AMZN,172.68
2024-11-03,AMZN,173.69
2024-11-04,AMZN,171.49
2024-11-05,AMZN,167.18
2024-11-06,AMZN,167.96
2024-11-07,AMZN,172.94
2024-11-08,AMZN,172.93
2024-11-09,AMZN,174.61
2024-11-10,AMZN,174.77
2024-11-11,AMZN,174.57
2024-11-12,AMZN,176.41
2024-11-13,AMZN,175.83
2024-11-14,AMZN,176.37
2024-11-15,AMZN,177.01
2024-11-16,AMZN,175.67
2024-11-17,AMZN,177.66
2024-11-18,AMZN,177.31
2024-11-19,AMZN,175.8
2024-11-20,AMZN,176.87
2024-11-21,AMZN,175.07
2024-11-22,AMZN,175.13
2024-11-23,AMZN,175.11
2024-11-24,AMZN,177.28
2024-11-25,AMZN,178.23
2024-11-26,AMZN,178.18
2024-11-27,AMZN,179.82
2024-11-28,AMZN,182.6
2024-11-29,AMZN,183.71
2024-11-30,AMZN,183.73
2024-12-01,AMZN,181.11
2024-12-02,AMZN,178.98
2024-12-03,AMZN,178.37
2024-12-04,AMZN,177.15
2024-12-05,AMZN,176.78
2024-12-06,AMZN,176.89
2024-12-07,AMZN,177.95
2024-12-08,AMZN,177.81
2024-12-09,AMZN,178.78
2024-12-10,AMZN,178.91
2024-12-11,AMZN,174.96
2024-12-12,AMZN,173.08
2024-12-13,AMZN,172.79
2024-12-14,AMZN,170.37
2024-12-15,AMZN,171.57
2024-12-16,AMZN,174.63
2024-12-17,AMZN,177.07
2024-12-18,AMZN,176.64
2024-12-19,AMZN,179.63
2024-12-20,AMZN,179.92
2024-12-21,AMZN,179.25
2024-12-22,AMZN,178.02
2024-12-23,AMZN,177.42
2024-12-24,AMZN,176.64
2024-12-25,AMZN,176.98
2024-12-26,AMZN,177.3
2024-12-27,AMZN,177.31
2024-12-28,AMZN,178.18
2024-12-29,AMZN,180.56
2024-12-30,AMZN,182.46
2024-12-31,AMZN,179.49
2025-01-01,AMZN,174.39
2025-01-02,AMZN,176.25
2025-01-03,AMZN,173.52
2025-01-04,AMZN,173.07
2025-01-05,AMZN,170.73
2025-01-06,AMZN,167.13
2025-01-07,AMZN,168.21
2025-01-08,AMZN,169.73
2025-01-09,AMZN,168.58
2025-01-10,AMZN,163.39
2025-01-11,AMZN,162.3
2025-01-12,AMZN,163.08
2025-01-13,AMZN,160.13
2025-01-14,AMZN,160.49
2025-01-15,AMZN,160.46
2025-01-16,AMZN,161.62
2025-01-17,AMZN,161.86
2025-01-18,AMZN,159.91
2025-01-19,AMZN,162.31
2025-01-20,AMZN,161.99
2025-01-21,AMZN,161.94
2025-01-22,AMZN,160.07
2025-01-23,AMZN,159.18
2025-01-24,AMZN,157.41
2025-01-25,AMZN,157.07
2025-01-26,AMZN,160.49
2025-01-27,AMZN,157.75
2025-01-28,AMZN,154.52
2025-01-29,AMZN,157.46
2025-01-30,AMZN,157.04
2025-01-31,AMZN,155.7
2025-02-01,AMZN,157.78
2025-02-02,AMZN,156.57
2025-02-03,AMZN,160.23
2025-02-04,AMZN,161.58
2025-02-05,AMZN,160.61
2025-02-06,AMZN,164.92
2025-02-07,AMZN,163.71
2025-02-08,AMZN,165.19
2025-02-09,AMZN,165.79
2025-02-10,AMZN,168.4
2025-02-11,AMZN,171.52
2025-02-12,AMZN,171.58
2025-02-13,AMZN,170.08
2025-02-14,AMZN,171.0
2025-02-15,AMZN,169.64
2025-02-16,AMZN,173.67
2025-02-17,AMZN,173.94
2025-02-18,AMZN,173.21
2025-02-19,AMZN,173.58
2025-02-20,AMZN,170.88
2025-02-21,AMZN,168.94
2025-02-22,AMZN,171.34
2025-02-23,AMZN,170.03
2025-02-24,AMZN,167.93
2025-02-25,AMZN,169.01
2025-02-26,AMZN,171.38
2025-02-27,AMZN,172.82
2025-02-28,AMZN,174.81
2025-03-01,AMZN,173.3
2025-03-02,AMZN,170.45
2025-03-03,AMZN,173.45
2025-03-04,AMZN,172.81
2025-03-05,AMZN,172.31
2025-03-06,AMZN,174.96
2025-03-07,AMZN,176.08
2025-03-08,AMZN,176.99
2025-03-09,AMZN,181.32
2025-03-10,AMZN,180.03
2025-03-11,AMZN,181.89
2025-03-12,AMZN,182.0
2025-03-13,AMZN,182.54
2025-03-14,AMZN,185.59
2025-03-15,AMZN,186.61
2025-03-16,AMZN,187.69
2025-03-17,AMZN,189.83
2025-03-18,AMZN,189.1
2025-03-19,AMZN,187.42
2025-03-20,AMZN,185.33
2025-03-21,AMZN,181.4
2025-03-22,AMZN,185.51
2025-03-23,AMZN,183.31
2025-03-24,AMZN,182.86
2025-03-25,AMZN,182.31
2025-03-26,AMZN,182.93
2025-03-27,AMZN,184.56
2025-03-28,AMZN,186.28
2025-03-29,AMZN,185.11
2025-03-30,AMZN,184.78
2025-03-31,AMZN,185.34
2025-04-01,AMZN,184.85
2025-04-02,AMZN,188.06
2025-04-03,AMZN,189.04
2025-04-04,AMZN,190.51
2025-04-05,AMZN,191.84
2025-04-06,AMZN,194.18
2025-04-07,AMZN,194.55
2025-04-08,AMZN,191.95
2025-04-09,AMZN,192.75
2025-04-10,AMZN,191.45
2025-04-11,AMZN,190.39
2025-04-12,AMZN,191.57
2025-04-13,AMZN,194.04
2025-04-14,AMZN,194.08
2025-04-15,AMZN,194.7
2025-04-16,AMZN,198.11
2025-04-17,AMZN,198.59
2025-04-18,AMZN,203.79
2025-04-19,AMZN,204.92
2025-04-20,AMZN,201.4
2025-04-21,AMZN,202.91
2025-04-22,AMZN,203.67
2025-04-23,AMZN,206.25
2025-04-24,AMZN,207.6
2025-04-25,AMZN,207.32
2025-04-26,AMZN,204.87
2025-04-27,AMZN,204.45
2025-04-28,AMZN,202.75
2025-04-29,AMZN,201.59
2025-04-30,AMZN,202.77
2025-05-01,AMZN,206.11
2025-05-02,AMZN,206.9
2025-05-03,AMZN,204.5
2025-05-04,AMZN,205.39
2025-05-05,AMZN,207.79
2025-05-06,AMZN,206.57
2025-05-07,AMZN,206.3
2025-05-08,AMZN,206.33
2025-05-09,AMZN,204.76
2025-05-10,AMZN,206.06
2025-05-11,AMZN,205.81
2025-05-12,AMZN,206.65
2025-05-13,AMZN,204.88
2025-05-14,AMZN,204.0
2025-05-15,AMZN,205.45
2025-05-16,AMZN,204.7
2025-05-17,AMZN,208.16
2025-05-18,AMZN,207.36
2025-05-19,AMZN,207.81
2025-05-20,AMZN,209.67
2025-05-21,AMZN,206.83
2025-05-22,AMZN,203.31
2025-05-23,AMZN,200.26
2025-05-24,AMZN,202.79
2025-05-25,AMZN,201.68
2025-05-26,AMZN,206.8
2025-05-27,AMZN,205.67
2025-05-28,AMZN,206.04
2025-05-29,AMZN,209.12
2025-05-30,AMZN,213.14
2025-05-31,AMZN,217.26
2025-06-01,AMZN,219.68
2025-06-02,AMZN,221.72
2025-06-03,AMZN,222.91
2024-08-08,META,245.54
2024-08-09,META,244.44
2024-08-10,META,242.81
2024-08-11,META,242.8
2024-08-12,META,242.46
2024-08-13,META,241.55
2024-08-14,META,242.94
2024-08-15,META,244.86
2024-08-16,META,245.03
2024-08-17,META,247.99
2024-08-18,META,245.7
2024-08-19,META,245.32
2024-08-20,META,243.88
2024-08-21,META,240.15
2024-08-22,META,239.98
2024-08-23,META,239.74
2024-08-24,META,242.77
2024-08-25,META,244.03
2024-08-26,META,241.98
2024-08-27,META,245.69
2024-08-28,META,248.13
2024-08-29,META,249.3
2024-08-30,META,248.84
2024-08-31,META,246.92
2024-09-01,META,246.18
2024-09-02,META,248.36
2024-09-03,META,252.13
2024-09-04,META,255.21
2024-09-05,META,254.23
2024-09-06,META,252.0
2024-09-07,META,252.28
2024-09-08,META,248.74
2024-09-09,META,249.39
2024-09-10,META,249.09
2024-09-11,META,248.16
2024-09-12,META,244.97
2024-09-13,META,246.0
2024-09-14,META,244.93
2024-09-15,META,242.59
2024-09-16,META,236.85
2024-09-17,META,236.79
2024-09-18,META,240.34
2024-09-19,META,243.66
2024-09-20,META,242.75
2024-09-21,META,241.54
2024-09-22,META,242.48
2024-09-23,META,240.48
2024-09-24,META,241.09
2024-09-25,META,242.62
2024-09-26,META,245.07
2024-09-27,META,244.87
2024-09-28,META,244.46
2024-09-29,META,242.71
2024-09-30,META,241.05
2024-10-01,META,240.6
2024-10-02,META,241.34
2024-10-03,META,243.16
2024-10-04,META,241.56
2024-10-05,META,244.54
2024-10-06,META,244.0
2024-10-07,META,243.96
2024-10-08,META,242.46
2024-10-09,META,237.61
2024-10-10,META,239.38
2024-10-11,META,240.86
2024-10-12,META,240.29
2024-10-13,META,240.43
2024-10-14,META,241.46
2024-10-15,META,238.33
2024-10-16,META,237.28
2024-10-17,META,238.86
2024-10-18,META,236.36
2024-10-19,META,236.94
2024-10-20,META,234.23
2024-10-21,META,235.16
2024-10-22,META,235.09
2024-10-23,META,231.86
2024-10-24,META,234.19
2024-10-25,META,232.72
2024-10-26,META,231.1
2024-10-27,META,231.5
2024-10-28,META,233.8
2024-10-29,META,231.77
2024-10-30,META,231.89
2024-10-31,META,232.75
2024-11-01,META,234.13
2024-11-02,META,234.49
2024-11-03,META,233.75
2024-11-04,META,232.1
2024-11-05,META,232.27
2024-11-06,META,230.13
2024-11-07,META,224.28
2024-11-08,META,225.16
2024-11-09,META,226.96
2024-11-10,META,222.24
2024-11-11,META,220.22
2024-11-12,META,221.46
2024-11-13,META,225.57
2024-11-14,META,225.61
2024-11-15,META,224.16
2024-11-16,META,223.79
2024-11-17,META,226.54
2024-11-18,META,225.25
2024-11-19,META,223.65
2024-11-20,META,222.69
2024-11-21,META,220.78
2024-11-22,META,221.03
2024-11-23,META,224.27
2024-11-24,META,224.92
2024-11-25,META,224.42
2024-11-26,META,223.83
2024-11-27,META,220.71
2024-11-28,META,222.47
2024-11-29,META,222.32
2024-11-30,META,221.96
2024-12-01,META,228.34
2024-12-02,META,228.94
2024-12-03,META,227.44
2024-12-04,META,226.58
2024-12-05,META,228.88
2024-12-06,META,229.11
2024-12-07,META,226.23
2024-12-08,META,228.07
2024-12-09,META,226.73
2024-12-10,META,230.48
2024-12-11,META,232.64
2024-12-12,META,231.74
2024-12-13,META,234.31
2024-12-14,META,234.44
2024-12-15,META,236.15
2024-12-16,META,237.12
2024-12-17,META,235.42
2024-12-18,META,234.14
2024-12-19,META,236.2
2024-12-20,META,235.53
2024-12-21,META,234.72
2024-12-22,META,232.81
2024-12-23,META,233.66
2024-12-24,META,237.78
2024-12-25,META,235.65
2024-12-26,META,235.7
2024-12-27,META,238.52
2024-12-28,META,238.36
2024-12-29,META,239.27
2024-12-30,META,237.14
2024-12-31,META,238.0
2025-01-01,META,237.62
2025-01-02,META,239.59
2025-01-03,META,241.97
2025-01-04,META,247.15
2025-01-05,META,248.31
2025-01-06,META,248.96
2025-01-07,META,249.35
2025-01-08,META,248.64
2025-01-09,META,249.32
2025-01-10,META,248.73
2025-01-11,META,249.06
2025-01-12,META,251.7
2025-01-13,META,249.69
2025-01-14,META,251.97
2025-01-15,META,254.6
2025-01-16,META,254.36
2025-01-17,META,250.12
2025-01-18,META,248.91
2025-01-19,META,251.5
2025-01-20,META,251.45
2025-01-21,META,249.45
2025-01-22,META,248.45
2025-01-23,META,250.13
2025-01-24,META,251.22
2025-01-25,META,250.74
2025-01-26,META,250.01
2025-01-27,META,249.23
2025-01-28,META,247.38
2025-01-29,META,250.61
2025-01-30,META,249.97
2025-01-31,META,252.4
2025-02-01,META,255.44
2025-02-02,META,257.44
2025-02-03,META,256.58
2025-02-04,META,257.38
2025-02-05,META,257.34
2025-02-06,META,255.53
2025-02-07,META,256.18
2025-02-08,META,253.82
2025-02-09,META,256.19
2025-02-10,META,255.27
2025-02-11,META,255.67
2025-02-12,META,256.23
2025-02-13,META,255.72
2025-02-14,META,256.89
2025-02-15,META,255.94
2025-02-16,META,257.68
2025-02-17,META,254.99
2025-02-18,META,255.24
2025-02-19,META,259.12
2025-02-20,META,257.12
2025-02-21,META,255.76
2025-02-22,META,256.79
2025-02-23,META,257.15
2025-02-24,META,257.85
2025-02-25,META,258.83
2025-02-26,META,260.1
2025-02-27,META,262.32
2025-02-28,META,263.14
2025-03-01,META,262.66
2025-03-02,META,264.0
2025-03-03,META,267.8
2025-03-04,META,267.54
2025-03-05,META,265.59
2025-03-06,META,267.8
2025-03-07,META,267.56
2025-03-08,META,263.22
2025-03-09,META,264.91
2025-03-10,META,263.84
2025-03-11,META,263.66
2025-03-12,META,264.32
2025-03-13,META,264.7
2025-03-14,META,266.12
2025-03-15,META,265.25
2025-03-16,META,266.28
2025-03-17,META,265.76
2025-03-18,META,267.24
2025-03-19,META,268.47
2025-03-20,META,266.6
2025-03-21,META,268.77
2025-03-22,META,267.7
2025-03-23,META,269.31
2025-03-24,META,270.05
2025-03-25,META,273.72
2025-03-26,META,273.28
2025-03-27,META,272.58
2025-03-28,META,272.54
2025-03-29,META,271.93
2025-03-30,META,273.53
2025-03-31,META,270.3
2025-04-01,META,268.19
2025-04-02,META,266.06
2025-04-03,META,267.96
2025-04-04,META,271.38
2025-04-05,META,271.17
2025-04-06,META,270.83
2025-04-07,META,270.97
2025-04-08,META,273.3
2025-04-09,META,271.44
2025-04-10,META,271.92
2025-04-11,META,273.87
2025-04-12,META,274.87
2025-04-13,META,275.25
2025-04-14,META,277.25
2025-04-15,META,271.85
2025-04-16,META,273.2
2025-04-17,META,271.89
2025-04-18,META,268.23
2025-04-19,META,269.25
2025-04-20,META,272.0
2025-04-21,META,271.73
2025-04-22,META,273.63
2025-04-23,META,276.86
2025-04-24,META,279.49
2025-04-25,META,282.77
2025-04-26,META,284.25
2025-04-27,META,284.4
2025-04-28,META,281.2
2025-04-29,META,280.71
2025-04-30,META,279.02
2025-05-01,META,283.36
2025-05-02,META,283.01
2025-05-03,META,283.26
2025-05-04,META,284.36
2025-05-05,META,284.45
2025-05-06,META,287.84
2025-05-07,META,286.59
2025-05-08,META,286.98
2025-05-09,META,285.5
2025-05-10,META,282.86
2025-05-11,META,281.63
2025-05-12,META,281.56
2025-05-13,META,280.7
2025-05-14,META,279.31
2025-05-15,META,276.5
2025-05-16,META,276.34
2025-05-17,META,273.33
2025-05-18,META,274.85
2025-05-19,META,275.01
2025-05-20,META,272.1
2025-05-21,META,271.48
2025-05-22,META,269.97
2025-05-23,META,270.61
2025-05-24,META,273.29
2025-05-25,META,269.54
2025-05-26,META,269.77
2025-05-27,META,269.45
2025-05-28,META,270.79
2025-05-29,META,271.22
2025-05-30,META,269.72
2025-05-31,META,269.08
2025-06-01,META,267.49
2025-06-02,META,269.64
2025-06-03,META,269.68
2024-08-08,NFLX,216.91
2024-08-09,NFLX,216.79
2024-08-10,NFLX,215.37
2024-08-11,NFLX,212.34
2024-08-12,NFLX,208.74
2024-08-13,NFLX,205.57
2024-08-14,NFLX,206.1
2024-08-15,NFLX,207.12
2024-08-16,NFLX,203.96
2024-08-17,NFLX,205.75
2024-08-18,NFLX,204.78
2024-08-19,NFLX,205.08
2024-08-20,NFLX,208.3
2024-08-21,NFLX,210.09
2024-08-22,NFLX,209.56
2024-08-23,NFLX,207.78
2024-08-24,NFLX,203.47
2024-08-25,NFLX,202.03
2024-08-26,NFLX,201.61
2024-08-27,NFLX,199.64
2024-08-28,NFLX,199.37
2024-08-29,NFLX,199.53
2024-08-30,NFLX,199.08
2024-08-31,NFLX,197.78
2024-09-01,NFLX,198.12
2024-09-02,NFLX,199.0
2024-09-03,NFLX,196.82
2024-09-04,NFLX,199.64
2024-09-05,NFLX,199.44
2024-09-06,NFLX,199.48
2024-09-07,NFLX,200.9
2024-09-08,NFLX,201.36
2024-09-09,NFLX,203.27
2024-09-10,NFLX,203.84
2024-09-11,NFLX,202.62
2024-09-12,NFLX,203.34
2024-09-13,NFLX,201.05
2024-09-14,NFLX,201.27
2024-09-15,NFLX,201.21
2024-09-16,NFLX,200.79
2024-09-17,NFLX,200.53
2024-09-18,NFLX,196.77
2024-09-19,NFLX,195.67
2024-09-20,NFLX,195.86
2024-09-21,NFLX,196.18
2024-09-22,NFLX,194.12
2024-09-23,NFLX,196.65
2024-09-24,NFLX,194.92
2024-09-25,NFLX,196.86
2024-09-26,NFLX,197.71
2024-09-27,NFLX,196.42
2024-09-28,NFLX,199.97
2024-09-29,NFLX,197.58
2024-09-30,NFLX,199.42
2024-10-01,NFLX,201.42
2024-10-02,NFLX,200.08
2024-10-03,NFLX,202.87
2024-10-04,NFLX,202.37
2024-10-05,NFLX,202.94
2024-10-06,NFLX,203.47
2024-10-07,NFLX,203.2
2024-10-08,NFLX,204.82
2024-10-09,NFLX,206.41
2024-10-10,NFLX,202.91
2024-10-11,NFLX,205.52
2024-10-12,NFLX,202.19
2024-10-13,NFLX,204.26
2024-10-14,NFLX,206.51
2024-10-15,NFLX,204.33
2024-10-16,NFLX,203.51
2024-10-17,NFLX,201.3
2024-10-18,NFLX,200.87
2024-10-19,NFLX,200.25
2024-10-20,NFLX,201.81
2024-10-21,NFLX,204.43
2024-10-22,NFLX,207.22
2024-10-23,NFLX,206.1
2024-10-24,NFLX,205.68
2024-10-25,NFLX,202.31
2024-10-26,NFLX,200.7
2024-10-27,NFLX,202.63
2024-10-28,NFLX,205.86
2024-10-29,NFLX,203.39
2024-10-30,NFLX,202.21
2024-10-31,NFLX,202.15
2024-11-01,NFLX,202.71
2024-11-02,NFLX,201.1
2024-11-03,NFLX,201.94
2024-11-04,NFLX,201.0
2024-11-05,NFLX,200.97
2024-11-06,NFLX,202.06
2024-11-07,NFLX,202.07
2024-11-08,NFLX,201.2
2024-11-09,NFLX,200.98
2024-11-10,NFLX,200.8
2024-11-11,NFLX,200.06
2024-11-12,NFLX,199.55
2024-11-13,NFLX,202.74
2024-11-14,NFLX,203.86
2024-11-15,NFLX,203.27
2024-11-16,NFLX,204.67
2024-11-17,NFLX,204.0
2024-11-18,NFLX,206.35
2024-11-19,NFLX,207.09
2024-11-20,NFLX,206.87
2024-11-21,NFLX,207.77
2024-11-22,NFLX,204.62
2024-11-23,NFLX,202.37
2024-11-24,NFLX,199.98
2024-11-25,NFLX,200.27
2024-11-26,NFLX,203.73
2024-11-27,NFLX,208.2
2024-11-28,NFLX,209.47
2024-11-29,NFLX,210.47
2024-11-30,NFLX,206.87
2024-12-01,NFLX,205.79
2024-12-02,NFLX,204.21
2024-12-03,NFLX,202.97
2024-12-04,NFLX,202.63
2024-12-05,NFLX,201.69
2024-12-06,NFLX,197.73
2024-12-07,NFLX,199.23
2024-12-08,NFLX,197.08
2024-12-09,NFLX,197.56
2024-12-10,NFLX,201.71
2024-12-11,NFLX,199.87
2024-12-12,NFLX,194.81
2024-12-13,NFLX,194.24
2024-12-14,NFLX,196.44
2024-12-15,NFLX,200.36
2024-12-16,NFLX,197.9
2024-12-17,NFLX,198.89
2024-12-18,NFLX,197.96
2024-12-19,NFLX,197.75
2024-12-20,NFLX,203.04
2024-12-21,NFLX,200.03
2024-12-22,NFLX,200.54
2024-12-23,NFLX,201.47
2024-12-24,NFLX,203.64
2024-12-25,NFLX,203.84
2024-12-26,NFLX,204.46
2024-12-27,NFLX,203.67
2024-12-28,NFLX,204.21
2024-12-29,NFLX,203.52
2024-12-30,NFLX,204.77
2024-12-31,NFLX,204.03
2025-01-01,NFLX,204.78
2025-01-02,NFLX,204.72
2025-01-03,NFLX,206.98
2025-01-04,NFLX,206.87
2025-01-05,NFLX,203.33
2025-01-06,NFLX,205.85
2025-01-07,NFLX,204.04
2025-01-08,NFLX,202.73
2025-01-09,NFLX,201.54
2025-01-10,NFLX,204.29
2025-01-11,NFLX,200.02
2025-01-12,NFLX,206.29
2025-01-13,NFLX,208.41
2025-01-14,NFLX,208.85
2025-01-15,NFLX,208.74
2025-01-16,NFLX,209.31
2025-01-17,NFLX,210.36
2025-01-18,NFLX,211.65
2025-01-19,NFLX,212.76
2025-01-20,NFLX,212.94
2025-01-21,NFLX,212.54
2025-01-22,NFLX,212.24
2025-01-23,NFLX,211.85
2025-01-24,NFLX,214.12
2025-01-25,NFLX,215.3
2025-01-26,NFLX,209.42
2025-01-27,NFLX,210.74
2025-01-28,NFLX,211.13
2025-01-29,NFLX,211.09
2025-01-30,NFLX,210.31
2025-01-31,NFLX,212.56
2025-02-01,NFLX,214.45
2025-02-02,NFLX,212.91
2025-02-03,NFLX,213.72
2025-02-04,NFLX,211.78
2025-02-05,NFLX,209.02
2025-02-06,NFLX,207.77
2025-02-07,NFLX,209.49
2025-02-08,NFLX,211.4
2025-02-09,NFLX,212.42
2025-02-10,NFLX,213.87
2025-02-11,NFLX,214.91
2025-02-12,NFLX,213.62
2025-02-13,NFLX,214.49
2025-02-14,NFLX,216.09
2025-02-15,NFLX,217.6
2025-02-16,NFLX,219.97
2025-02-17,NFLX,221.39
2025-02-18,NFLX,222.09
2025-02-19,NFLX,224.23
2025-02-20,NFLX,224.18
2025-02-21,NFLX,222.42
2025-02-22,NFLX,222.09
2025-02-23,NFLX,220.6
2025-02-24,NFLX,219.25
2025-02-25,NFLX,218.96
2025-02-26,NFLX,217.38
2025-02-27,NFLX,216.76
2025-02-28,NFLX,212.97
2025-03-01,NFLX,213.4
2025-03-02,NFLX,213.4
2025-03-03,NFLX,211.77
2025-03-04,NFLX,213.09
2025-03-05,NFLX,214.96
2025-03-06,NFLX,211.75
2025-03-07,NFLX,210.22
2025-03-08,NFLX,208.68
2025-03-09,NFLX,206.8
2025-03-10,NFLX,208.46
2025-03-11,NFLX,208.08
2025-03-12,NFLX,207.55
2025-03-13,NFLX,203.54
2025-03-14,NFLX,204.81
2025-03-15,NFLX,202.33
2025-03-16,NFLX,202.45
2025-03-17,NFLX,203.01
2025-03-18,NFLX,205.73
2025-03-19,NFLX,203.11
2025-03-20,NFLX,197.07
2025-03-21,NFLX,197.44
2025-03-22,NFLX,201.04
2025-03-23,NFLX,203.52
2025-03-24,NFLX,203.94
2025-03-25,NFLX,202.95
2025-03-26,NFLX,204.57
2025-03-27,NFLX,202.62
2025-03-28,NFLX,203.57
2025-03-29,NFLX,204.58
2025-03-30,NFLX,206.7
2025-03-31,NFLX,212.22
2025-04-01,NFLX,213.01
2025-04-02,NFLX,211.99
2025-04-03,NFLX,211.94
2025-04-04,NFLX,208.4
2025-04-05,NFLX,207.01
2025-04-06,NFLX,206.19
2025-04-07,NFLX,205.14
2025-04-08,NFLX,205.45
2025-04-09,NFLX,203.8
2025-04-10,NFLX,206.05
2025-04-11,NFLX,206.05
2025-04-12,NFLX,206.03
2025-04-13,NFLX,205.37
2025-04-14,NFLX,205.68
2025-04-15,NFLX,207.33
2025-04-16,NFLX,205.6
2025-04-17,NFLX,204.28
2025-04-18,NFLX,203.68
2025-04-19,NFLX,200.98
2025-04-20,NFLX,199.35
2025-04-21,NFLX,198.39
2025-04-22,NFLX,200.14
2025-04-23,NFLX,200.67
2025-04-24,NFLX,201.05
2025-04-25,NFLX,202.76
2025-04-26,NFLX,202.48
2025-04-27,NFLX,203.26
2025-04-28,NFLX,203.06
2025-04-29,NFLX,203.59
2025-04-30,NFLX,202.42
2025-05-01,NFLX,197.54
2025-05-02,NFLX,197.27
2025-05-03,NFLX,200.12
2025-05-04,NFLX,201.97
2025-05-05,NFLX,203.9
2025-05-06,NFLX,206.38
2025-05-07,NFLX,206.55
2025-05-08,NFLX,206.95
2025-05-09,NFLX,205.71
2025-05-10,NFLX,205.08
2025-05-11,NFLX,206.31
2025-05-12,NFLX,208.72
2025-05-13,NFLX,208.44
2025-05-14,NFLX,207.54
2025-05-15,NFLX,207.54
2025-05-16,NFLX,208.74
2025-05-17,NFLX,205.86
2025-05-18,NFLX,201.26
2025-05-19,NFLX,200.16
2025-05-20,NFLX,197.72
2025-05-21,NFLX,196.7
2025-05-22,NFLX,196.41
2025-05-23,NFLX,195.5
2025-05-24,NFLX,198.41
2025-05-25,NFLX,199.06
2025-05-26,NFLX,199.66
2025-05-27,NFLX,200.91
2025-05-28,NFLX,198.63
2025-05-29,NFLX,200.71
2025-05-30,NFLX,200.56
2025-05-31,NFLX,201.9
2025-06-01,NFLX,199.75
2025-06-02,NFLX,196.64
2025-06-03,NFLX,198.28
2024-08-08,AMD,271.16
2024-08-09,AMD,269.36
2024-08-10,AMD,267.62
2024-08-11,AMD,269.87
2024-08-12,AMD,267.49
2024-08-13,AMD,270.77
2024-08-14,AMD,268.97
2024-08-15,AMD,270.25
2024-08-16,AMD,269.59
2024-08-17,AMD,270.8
2024-08-18,AMD,269.71
2024-08-19,AMD,269.39
2024-08-20,AMD,269.47
2024-08-21,AMD,267.46
2024-08-22,AMD,268.94
2024-08-23,AMD,267.92
2024-08-24,AMD,267.46
2024-08-25,AMD,265.47
2024-08-26,AMD,260.35
2024-08-27,AMD,259.97
2024-08-28,AMD,264.79
2024-08-29,AMD,266.36
2024-08-30,AMD,266.32
2024-08-31,AMD,265.8
2024-09-01,AMD,265.84
2024-09-02,AMD,266.93
2024-09-03,AMD,264.57
2024-09-04,AMD,266.8
2024-09-05,AMD,268.23
2024-09-06,AMD,269.67
2024-09-07,AMD,270.55
2024-09-08,AMD,270.59
2024-09-09,AMD,271.93
2024-09-10,AMD,273.11
2024-09-11,AMD,272.41
2024-09-12,AMD,271.26
2024-09-13,AMD,271.46
2024-09-14,AMD,274.56
2024-09-15,AMD,272.08
2024-09-16,AMD,269.15
2024-09-17,AMD,269.48
2024-09-18,AMD,269.58
2024-09-19,AMD,269.93
2024-09-20,AMD,270.41
2024-09-21,AMD,269.97
2024-09-22,AMD,272.95
2024-09-23,AMD,269.75
2024-09-24,AMD,268.09
2024-09-25,AMD,267.88
2024-09-26,AMD,264.6
2024-09-27,AMD,264.24
2024-09-28,AMD,267.57
2024-09-29,AMD,267.61
2024-09-30,AMD,268.07
2024-10-01,AMD,265.55
2024-10-02,AMD,264.32
2024-10-03,AMD,263.57
2024-10-04,AMD,262.93
2024-10-05,AMD,265.49
2024-10-06,AMD,266.61
2024-10-07,AMD,264.39
2024-10-08,AMD,264.88
2024-10-09,AMD,265.88
2024-10-10,AMD,268.16
2024-10-11,AMD,271.32
2024-10-12,AMD,269.29
2024-10-13,AMD,267.67
2024-10-14,AMD,265.15
2024-10-15,AMD,264.68
2024-10-16,AMD,265.62
2024-10-17,AMD,267.59
2024-10-18,AMD,267.44
2024-10-19,AMD,266.8
2024-10-20,AMD,267.1
2024-10-21,AMD,265.43
2024-10-22,AMD,269.61
2024-10-23,AMD,266.4
2024-10-24,AMD,266.76
2024-10-25,AMD,270.81
2024-10-26,AMD,270.83
2024-10-27,AMD,270.45
2024-10-28,AMD,269.73
2024-10-29,AMD,269.37
2024-10-30,AMD,272.12
2024-10-31,AMD,267.69
2024-11-01,AMD,270.76
2024-11-02,AMD,267.91
2024-11-03,AMD,267.38
2024-11-04,AMD,266.52
2024-11-05,AMD,267.7
2024-11-06,AMD,264.5
2024-11-07,AMD,265.42
2024-11-08,AMD,269.47
2024-11-09,AMD,266.75
2024-11-10,AMD,267.13
2024-11-11,AMD,265.8
2024-11-12,AMD,266.65
2024-11-13,AMD,266.69
2024-11-14,AMD,265.41
2024-11-15,AMD,266.38
2024-11-16,AMD,269.99
2024-11-17,AMD,269.61
2024-11-18,AMD,271.05
2024-11-19,AMD,268.46
2024-11-20,AMD,266.55
2024-11-21,AMD,267.5
2024-11-22,AMD,270.46
2024-11-23,AMD,271.18
2024-11-24,AMD,270.55
2024-11-25,AMD,270.55
2024-11-26,AMD,268.05
2024-11-27,AMD,269.26
2024-11-28,AMD,271.02
2024-11-29,AMD,270.12
2024-11-30,AMD,269.18
2024-12-01,AMD,269.71
2024-12-02,AMD,268.84
2024-12-03,AMD,268.7
2024-12-04,AMD,272.9
2024-12-05,AMD,272.41
2024-12-06,AMD,271.69
2024-12-07,AMD,270.4
2024-12-08,AMD,271.89
2024-12-09,AMD,271.52
2024-12-10,AMD,270.22
2024-12-11,AMD,272.87
2024-12-12,AMD,275.71
2024-12-13,AMD,274.5
2024-12-14,AMD,270.77
2024-12-15,AMD,272.79
2024-12-16,AMD,271.42
2024-12-17,AMD,273.0
2024-12-18,AMD,269.06
2024-12-19,AMD,270.84
2024-12-20,AMD,268.42
2024-12-21,AMD,269.88
2024-12-22,AMD,269.91
2024-12-23,AMD,268.0
2024-12-24,AMD,267.19
2024-12-25,AMD,268.56
2024-12-26,AMD,268.77
2024-12-27,AMD,269.94
2024-12-28,AMD,273.9
2024-12-29,AMD,270.77
2024-12-30,AMD,274.0
2024-12-31,AMD,274.21
2025-01-01,AMD,272.41
2025-01-02,AMD,269.75
2025-01-03,AMD,269.37
2025-01-04,AMD,271.22
2025-01-05,AMD,270.96
2025-01-06,AMD,273.98
2025-01-07,AMD,271.08
2025-01-08,AMD,271.06
2025-01-09,AMD,268.55
2025-01-10,AMD,269.28
2025-01-11,AMD,271.05
2025-01-12,AMD,270.21
2025-01-13,AMD,265.0
2025-01-14,AMD,265.4
2025-01-15,AMD,266.28
2025-01-16,AMD,267.08
2025-01-17,AMD,269.56
2025-01-18,AMD,267.41
2025-01-19,AMD,268.77
2025-01-20,AMD,271.16
2025-01-21,AMD,267.6
2025-01-22,AMD,268.24
2025-01-23,AMD,267.23
2025-01-24,AMD,267.07
2025-01-25,AMD,267.77
2025-01-26,AMD,266.79
2025-01-27,AMD,265.44
2025-01-28,AMD,265.51
2025-01-29,AMD,263.33
2025-01-30,AMD,261.16
2025-01-31,AMD,262.52
2025-02-01,AMD,260.22
2025-02-02,AMD,261.56
2025-02-03,AMD,262.48
2025-02-04,AMD,259.03
2025-02-05,AMD,257.67
2025-02-06,AMD,260.06
2025-02-07,AMD,258.1
2025-02-08,AMD,257.17
2025-02-09,AMD,258.09
2025-02-10,AMD,259.66
2025-02-11,AMD,259.16
2025-02-12,AMD,257.96
2025-02-13,AMD,260.81
2025-02-14,AMD,264.29
2025-02-15,AMD,266.24
2025-02-16,AMD,266.41
2025-02-17,AMD,264.8
2025-02-18,AMD,263.14
2025-02-19,AMD,264.18
2025-02-20,AMD,265.02
2025-02-21,AMD,267.82
2025-02-22,AMD,269.12
2025-02-23,AMD,266.12
2025-02-24,AMD,268.22
2025-02-25,AMD,266.22
2025-02-26,AMD,265.46
2025-02-27,AMD,265.96
2025-02-28,AMD,269.95
2025-03-01,AMD,276.17
2025-03-02,AMD,277.38
2025-03-03,AMD,277.02
2025-03-04,AMD,278.08
2025-03-05,AMD,279.86
2025-03-06,AMD,279.22
2025-03-07,AMD,282.81
2025-03-08,AMD,283.27
2025-03-09,AMD,284.26
2025-03-10,AMD,285.6
2025-03-11,AMD,286.44
2025-03-12,AMD,288.12
2025-03-13,AMD,286.88
2025-03-14,AMD,285.77
2025-03-15,AMD,283.57
2025-03-16,AMD,284.44
2025-03-17,AMD,286.0
2025-03-18,AMD,286.92
2025-03-19,AMD,290.27
2025-03-20,AMD,290.26
2025-03-21,AMD,291.59
2025-03-22,AMD,289.41
2025-03-23,AMD,288.64
2025-03-24,AMD,290.03
2025-03-25,AMD,291.73
2025-03-26,AMD,291.14
2025-03-27,AMD,290.99
2025-03-28,AMD,287.96
2025-03-29,AMD,287.24
2025-03-30,AMD,289.02
2025-03-31,AMD,290.18
2025-04-01,AMD,291.18
2025-04-02,AMD,291.28
2025-04-03,AMD,291.29
2025-04-04,AMD,289.97
2025-04-05,AMD,291.37
2025-04-06,AMD,292.21
2025-04-07,AMD,293.19
2025-04-08,AMD,292.14
2025-04-09,AMD,287.83
2025-04-10,AMD,290.03
2025-04-11,AMD,289.07
2025-04-12,AMD,287.35
2025-04-13,AMD,288.73
2025-04-14,AMD,287.95
2025-04-15,AMD,290.07
2025-04-16,AMD,291.3
2025-04-17,AMD,292.67
2025-04-18,AMD,289.94
2025-04-19,AMD,292.36
2025-04-20,AMD,292.88
2025-04-21,AMD,292.15
2025-04-22,AMD,292.43
2025-04-23,AMD,288.88
2025-04-24,AMD,289.7
2025-04-25,AMD,287.64
2025-04-26,AMD,284.93
2025-04-27,AMD,281.89
2025-04-28,AMD,284.11
2025-04-29,AMD,282.86
2025-04-30,AMD,285.92
2025-05-01,AMD,284.85
2025-05-02,AMD,281.44
2025-05-03,AMD,279.2
2025-05-04,AMD,281.67
2025-05-05,AMD,281.36
2025-05-06,AMD,280.27
2025-05-07,AMD,280.59
2025-05-08,AMD,281.59
2025-05-09,AMD,283.82
2025-05-10,AMD,286.72
2025-05-11,AMD,286.0
2025-05-12,AMD,283.35
2025-05-13,AMD,282.52
2025-05-14,AMD,283.04
2025-05-15,AMD,281.12
2025-05-16,AMD,279.2
2025-05-17,AMD,279.89
2025-05-18,AMD,279.79
2025-05-19,AMD,279.86
2025-05-20,AMD,278.34
2025-05-21,AMD,277.88
2025-05-22,AMD,276.03
2025-05-23,AMD,277.81
2025-05-24,AMD,279.88
2025-05-25,AMD,276.19
2025-05-26,AMD,274.33
2025-05-27,AMD,271.34
2025-05-28,AMD,270.04
2025-05-29,AMD,269.87
2025-05-30,AMD,266.97
2025-05-31,AMD,265.13
2025-06-01,AMD,263.12
2025-06-02,AMD,263.53
2025-06-03,AMD,263.67
2024-08-08,INTC,155.14
2024-08-09,INTC,155.49
2024-08-10,INTC,154.4
2024-08-11,INTC,153.85
2024-08-12,INTC,157.2
2024-08-13,INTC,159.88
2024-08-14,INTC,157.28
2024-08-15,INTC,158.94
2024-08-16,INTC,160.56
2024-08-17,INTC,158.27
2024-08-18,INTC,159.91
2024-08-19,INTC,162.98
2024-08-20,INTC,160.74
2024-08-21,INTC,158.9
2024-08-22,INTC,160.94
2024-08-23,INTC,161.48
2024-08-24,INTC,162.58
2024-08-25,INTC,163.26
2024-08-26,INTC,164.05
2024-08-27,INTC,161.39
2024-08-28,INTC,163.49
2024-08-29,INTC,165.83
2024-08-30,INTC,165.37
2024-08-31,INTC,165.28
2024-09-01,INTC,162.22
2024-09-02,INTC,163.25
2024-09-03,INTC,164.39
2024-09-04,INTC,164.27
2024-09-05,INTC,166.52
2024-09-06,INTC,165.85
2024-09-07,INTC,166.98
2024-09-08,INTC,164.94
2024-09-09,INTC,164.89
2024-09-10,INTC,164.54
2024-09-11,INTC,164.99
2024-09-12,INTC,164.25
2024-09-13,INTC,163.99
2024-09-14,INTC,165.64
2024-09-15,INTC,164.77
2024-09-16,INTC,161.56
2024-09-17,INTC,165.05
2024-09-18,INTC,167.82
2024-09-19,INTC,165.23
2024-09-20,INTC,166.61
2024-09-21,INTC,165.61
2024-09-22,INTC,166.13
2024-09-23,INTC,166.72
2024-09-24,INTC,166.25
2024-09-25,INTC,164.69
2024-09-26,INTC,163.3
2024-09-27,INTC,161.47
2024-09-28,INTC,159.81
2024-09-29,INTC,159.67
2024-09-30,INTC,158.24
2024-10-01,INTC,159.61
2024-10-02,INTC,162.58
2024-10-03,INTC,161.42
2024-10-04,INTC,161.9
2024-10-05,INTC,162.9
2024-10-06,INTC,163.84
2024-10-07,INTC,164.0
2024-10-08,INTC,165.48
2024-10-09,INTC,166.44
2024-10-10,INTC,163.97
2024-10-11,INTC,165.71
2024-10-12,INTC,167.48
2024-10-13,INTC,165.96
2024-10-14,INTC,166.03
2024-10-15,INTC,167.4
2024-10-16,INTC,166.98
2024-10-17,INTC,169.13
2024-10-18,INTC,173.85
2024-10-19,INTC,172.28
2024-10-20,INTC,169.52
2024-10-21,INTC,170.13
2024-10-22,INTC,171.57
2024-10-23,INTC,171.11
2024-10-24,INTC,174.02
2024-10-25,INTC,171.34
2024-10-26,INTC,172.72
2024-10-27,INTC,171.51
2024-10-28,INTC,174.95
2024-10-29,INTC,178.94
2024-10-30,INTC,177.4
2024-10-31,INTC,176.3
2024-11-01,INTC,178.02
2024-11-02,INTC,177.25
2024-11-03,INTC,177.16
2024-11-04,INTC,177.21
2024-11-05,INTC,173.37
2024-11-06,INTC,173.34
2024-11-07,INTC,171.96
2024-11-08,INTC,170.98
2024-11-09,INTC,173.86
2024-11-10,INTC,171.35
2024-11-11,INTC,172.98
2024-11-12,INTC,172.42
2024-11-13,INTC,171.86
2024-11-14,INTC,173.44
2024-11-15,INTC,174.12
2024-11-16,INTC,175.26
2024-11-17,INTC,177.2
2024-11-18,INTC,176.53
2024-11-19,INTC,175.31
2024-11-20,INTC,173.14
2024-11-21,INTC,171.49
2024-11-22,INTC,177.39
2024-11-23,INTC,179.88
2024-11-24,INTC,177.17
2024-11-25,INTC,174.53
2024-11-26,INTC,175.49
2024-11-27,INTC,176.59
2024-11-28,INTC,177.69
2024-11-29,INTC,177.18
2024-11-30,INTC,176.92
2024-12-01,INTC,177.58
2024-12-02,INTC,177.75
2024-12-03,INTC,173.31
2024-12-04,INTC,172.85
2024-12-05,INTC,171.15
2024-12-06,INTC,171.5
2024-12-07,INTC,177.47
2024-12-08,INTC,178.21
2024-12-09,INTC,177.58
2024-12-10,INTC,179.42
2024-12-11,INTC,180.39
2024-12-12,INTC,181.23
2024-12-13,INTC,182.44
2024-12-14,INTC,186.56
2024-12-15,INTC,184.29
2024-12-16,INTC,185.24
2024-12-17,INTC,183.39
2024-12-18,INTC,184.5
2024-12-19,INTC,182.66
2024-12-20,INTC,181.83
2024-12-21,INTC,181.24
2024-12-22,INTC,183.19
2024-12-23,INTC,185.03
2024-12-24,INTC,182.53
2024-12-25,INTC,182.64
2024-12-26,INTC,181.23
2024-12-27,INTC,178.71
2024-12-28,INTC,178.27
2024-12-29,INTC,177.66
2024-12-30,INTC,182.51
2024-12-31,INTC,183.38
2025-01-01,INTC,180.62
2025-01-02,INTC,179.49
2025-01-03,INTC,181.53
2025-01-04,INTC,185.71
2025-01-05,INTC,182.54
2025-01-06,INTC,178.78
2025-01-07,INTC,182.52
2025-01-08,INTC,183.3
2025-01-09,INTC,181.56
2025-01-10,INTC,182.63
2025-01-11,INTC,177.36
2025-01-12,INTC,177.37
2025-01-13,INTC,178.02
2025-01-14,INTC,179.87
2025-01-15,INTC,177.85
2025-01-16,INTC,178.02
2025-01-17,INTC,176.17
2025-01-18,INTC,176.68
2025-01-19,INTC,174.89
2025-01-20,INTC,174.07
2025-01-21,INTC,172.08
2025-01-22,INTC,173.38
2025-01-23,INTC,175.1
2025-01-24,INTC,174.63
2025-01-25,INTC,174.7
2025-01-26,INTC,171.81
2025-01-27,INTC,171.21
2025-01-28,INTC,171.11
2025-01-29,INTC,176.35
2025-01-30,INTC,174.12
2025-01-31,INTC,177.05
2025-02-01,INTC,179.05
2025-02-02,INTC,179.61
2025-02-03,INTC,183.13
2025-02-04,INTC,183.87
2025-02-05,INTC,184.65
2025-02-06,INTC,184.54
2025-02-07,INTC,186.99
2025-02-08,INTC,189.18
2025-02-09,INTC,187.93
2025-02-10,INTC,185.29
2025-02-11,INTC,184.89
2025-02-12,INTC,183.29
2025-02-13,INTC,183.16
2025-02-14,INTC,185.63
2025-02-15,INTC,184.72
2025-02-16,INTC,184.63
2025-02-17,INTC,184.75
2025-02-18,INTC,186.45
2025-02-19,INTC,181.95
2025-02-20,INTC,180.74
2025-02-21,INTC,181.16
2025-02-22,INTC,183.56
2025-02-23,INTC,182.58
2025-02-24,INTC,178.83
2025-02-25,INTC,180.06
2025-02-26,INTC,178.79
2025-02-27,INTC,176.41
2025-02-28,INTC,175.17
2025-03-01,INTC,174.8
2025-03-02,INTC,173.59
2025-03-03,INTC,169.18
2025-03-04,INTC,170.97
2025-03-05,INTC,173.52
2025-03-06,INTC,174.82
2025-03-07,INTC,172.55
2025-03-08,INTC,172.14
2025-03-09,INTC,172.13
2025-03-10,INTC,173.33
2025-03-11,INTC,174.67
2025-03-12,INTC,173.2
2025-03-13,INTC,173.36
2025-03-14,INTC,174.28
2025-03-15,INTC,177.19
2025-03-16,INTC,178.6
2025-03-17,INTC,180.17
2025-03-18,INTC,180.34
2025-03-19,INTC,183.16
2025-03-20,INTC,183.98
2025-03-21,INTC,182.26
2025-03-22,INTC,185.07
2025-03-23,INTC,186.46
2025-03-24,INTC,185.58
2025-03-25,INTC,184.62
2025-03-26,INTC,185.21
2025-03-27,INTC,186.14
2025-03-28,INTC,186.53
2025-03-29,INTC,187.16
2025-03-30,INTC,190.55
2025-03-31,INTC,192.7
2025-04-01,INTC,193.08
2025-04-02,INTC,194.96
2025-04-03,INTC,192.9
2025-04-04,INTC,193.69
2025-04-05,INTC,197.31
2025-04-06,INTC,196.88
2025-04-07,INTC,195.18
2025-04-08,INTC,193.88
2025-04-09,INTC,191.7
2025-04-10,INTC,190.13
2025-04-11,INTC,189.39
2025-04-12,INTC,186.57
2025-04-13,INTC,186.61
2025-04-14,INTC,188.41
2025-04-15,INTC,186.6
2025-04-16,INTC,189.63
2025-04-17,INTC,190.66
2025-04-18,INTC,192.72
2025-04-19,INTC,191.4
2025-04-20,INTC,193.11
2025-04-21,INTC,190.93
2025-04-22,INTC,192.71
2025-04-23,INTC,193.05
2025-04-24,INTC,194.16
2025-04-25,INTC,191.81
2025-04-26,INTC,190.02
2025-04-27,INTC,191.21
2025-04-28,INTC,189.31
2025-04-29,INTC,190.24
2025-04-30,INTC,187.51
2025-05-01,INTC,189.2
2025-05-02,INTC,186.74
2025-05-03,INTC,187.84
2025-05-04,INTC,189.09
2025-05-05,INTC,187.7
2025-05-06,INTC,188.86
2025-05-07,INTC,189.38
2025-05-08,INTC,188.31
2025-05-09,INTC,186.29
2025-05-10,INTC,182.36
2025-05-11,INTC,183.06
2025-05-12,INTC,179.93
2025-05-13,INTC,180.12
2025-05-14,INTC,179.6
2025-05-15,INTC,180.96
2025-05-16,INTC,180.35
2025-05-17,INTC,179.69
2025-05-18,INTC,181.16
2025-05-19,INTC,181.83
2025-05-20,INTC,182.46
2025-05-21,INTC,183.4
2025-05-22,INTC,180.33
2025-05-23,INTC,181.84
2025-05-24,INTC,183.06
2025-05-25,INTC,181.03
2025-05-26,INTC,180.54
2025-05-27,INTC,180.46
2025-05-28,INTC,180.2
2025-05-29,INTC,180.86
2025-05-30,INTC,183.73
2025-05-31,INTC,185.89
2025-06-01,INTC,183.27
2025-06-02,INTC,184.51
2025-06-03,INTC,187.17
